{"spent time (min)":0,"_timestamp":1.7665945534980173e+09,"_step":10,"val loss":9.601776123046875,"_wandb":{"runtime":26},"_runtime":26,"train loss":8.673897743225098,"lr":0.0001}