{"_step":99,"train loss":5.075728416442871,"lr":1.0000000000000002e-06,"spent time (min)":0,"_timestamp":1.7659689037200668e+09,"_wandb":{"runtime":5},"_runtime":5}