{"spent time (min)":0,"_timestamp":1.7665932469894552e+09,"_step":9,"val loss":9.571846961975098,"_wandb":{"runtime":16},"_runtime":16,"train loss":8.699956893920898,"lr":0.0001}