{"lr":0.000965745789630079,"spent time (min)":0,"_timestamp":1.7665944511487393e+09,"_wandb":{"runtime":1},"_runtime":1,"_step":0,"train loss":10.835430145263672}